Sample	Id_Fantom5	Tissue
CNhs11870	FF:10782-110G8	liposarcoma_cell_line
CNhs11851	FF:10726-110A6	liposarcoma_cell_line
CNhs11051	FF:11376-118A8	Adipocyte-breast
CNhs11969	FF:11327-117E4	Adipocyte-breast
CNhs12494	FF:11259-116F8	Adipocyte-subcutaneous
CNhs11371	FF:11336-117F4	Adipocyte-subcutaneous
CNhs12017	FF:11408-118E4	Adipocyte-subcutaneous
CNhs11868	FF:10778-110G4	hepatic_mesenchymal_tumor_cell_line
CNhs11335	FF:11524-119I3	Hepatic_Stellate_Cells-lipocyte
CNhs12093	FF:11604-120I2	Hepatic_Stellate_Cells-lipocyte
CNhs11893	FF:10810-111A9	adrenal_cortex_adenocarcinoma_cell_line
CNhs11341	FF:11533-120A3	Amniotic_Epithelial_Cells
CNhs12125	FF:11694-123A2	Amniotic_Epithelial_Cells
CNhs10876	FF:11248-116E6	Anulus_Pulposus_Cell
CNhs12064	FF:11463-119B5	Anulus_Pulposus_Cell
CNhs10742	FF:10425-106D2	astrocytoma_cell_line
CNhs11321	FF:11500-119F6	Astrocyte-cerebellum
CNhs12081	FF:11580-120F5	Astrocyte-cerebellum
CNhs12117	FF:11661-122F5	Astrocyte-cerebellum
CNhs10864	FF:11235-116D2	Astrocyte-cerebral_cortex
CNhs11960	FF:11316-117D2	Astrocyte-cerebral_cortex
CNhs12005	FF:11392-118C6	Astrocyte-cerebral_cortex
CNhs12331	FF:10821-111C2	B_lymphoblastoid_cell_line
CNhs12332	FF:10822-111C3	B_lymphoblastoid_cell_line
CNhs12333	FF:10823-111C4	B_lymphoblastoid_cell_line
CNhs10739	FF:10422-106C8	Burkitts_lymphoma_cell_line
CNhs11268	FF:10476-106I8	Burkitts_lymphoma_cell_line
CNhs11251	FF:10455-106G5	acute_lymphoblastic_leukemia-B-ALL-cell_line
CNhs11282	FF:10534-107G3	acute_lymphoblastic_leukemia-B-ALL-cell_line
CNhs10744	FF:10427-106D4	b_cell_line
CNhs11741	FF:10631-108I1	diffuse_large_B-cell_lymphoma_cell_line
CNhs11891	FF:10808-111A7	hereditary_spherocytic_anemia_cell_line
CNhs11852	FF:10727-110A7	lymphangiectasia_cell_line
CNhs11935	FF:10775-110G1	lymphoma-malignant-hairy_B-cell_cell_line
CNhs11258	FF:10474-106I6	myeloma_cell_line
CNhs10741	FF:10424-106D1	splenic_lymphoma_with_villous_lymphocytes_cell_line
CNhs11813	FF:10563-108A5	xeroderma_pigentosum_b_cell_line
CNhs12343	FF:11544-120B5	CD19pos_B_Cells
CNhs12352	FF:11624-122B4	CD19pos_B_Cells
CNhs12354	FF:11705-123B4	CD19pos_B_Cells
CNhs12575	FF:12243-129H2	Basophils
CNhs10727	FF:10409-106B4	chronic_myelogenous_leukemia-CML-cell_line
CNhs10837	FF:11207-116A1	Endothelial_Cells-Aortic
CNhs12495	FF:11263-116G3	Endothelial_Cells-Aortic
CNhs11375	FF:11340-117F8	Endothelial_Cells-Aortic
CNhs12022	FF:11412-118E8	Endothelial_Cells-Aortic
CNhs12496	FF:11264-116G4	Endothelial_Cells-Artery
CNhs11977	FF:11341-117F9	Endothelial_Cells-Artery
CNhs12023	FF:11413-118E9	Endothelial_Cells-Artery
CNhs11925	FF:11265-116G5	Endothelial_Cells-Microvascular
CNhs11376	FF:11342-117G1	Endothelial_Cells-Microvascular
CNhs12024	FF:11414-118F1	Endothelial_Cells-Microvascular
CNhs11926	FF:11266-116G6	Endothelial_Cells-Thoracic
CNhs11978	FF:11343-117G2	Endothelial_Cells-Thoracic
CNhs10872	FF:11243-116E1	Endothelial_Cells-Umbilical_vein
CNhs11967	FF:11324-117E1	Endothelial_Cells-Umbilical_vein
CNhs12010	FF:11400-118D5	Endothelial_Cells-Umbilical_vein
CNhs12497	FF:11267-116G7	Endothelial_Cells-Vein
CNhs11377	FF:11344-117G3	Endothelial_Cells-Vein
CNhs12026	FF:11416-118F3	Endothelial_Cells-Vein
CNhs10858	FF:11229-116C5	Endothelial_Progenitor_Cells
CNhs11897	FF:11310-117C5	Endothelial_Progenitor_Cells
CNhs11904	FF:11386-118B9	Endothelial_Progenitor_Cells
CNhs12341	FF:11525-119I4	Cardiac_Myocyte
CNhs12350	FF:11605-120I3	Cardiac_Myocyte
CNhs12571	FF:11686-122I3	Cardiac_Myocyte
CNhs13816	FF:11933-125I7	Olfactory_epithelial_cells
CNhs13817	FF:11934-125I8	Olfactory_epithelial_cells
CNhs13818	FF:11935-125I9	Olfactory_epithelial_cells
CNhs13819	FF:11936-126A1	Olfactory_epithelial_cells
CNhs11675	FF:12179-129A1	Whole_blood-ribopure
CNhs11671	FF:12180-129A2	Whole_blood-ribopure
CNhs11948	FF:12181-129A3	Whole_blood-ribopure
CNhs11075	FF:12176-128I7	Whole_blood-ribopure
CNhs11076	FF:12177-128I8	Whole_blood-ribopure
CNhs11672	FF:12182-129A4	Whole_blood-ribopure
CNhs11673	FF:12183-129A5	Whole_blood-ribopure
CNhs11949	FF:12184-129A6	Whole_blood-ribopure
CNhs10608	FF:10000-101A1	Clontech_Human_Universal_Reference_Total_RNA
CNhs10610	FF:10002-101A5	SABiosciences_XpressRef_Human_Universal_Total_RNA
CNhs10612	FF:10007-101B4	Universal_RNA-Human_Normal_Tissues_Biochain
CNhs10615	FF:10010-101C1	adipose_tissue-adult
CNhs13793	FF:10167-103B5	amygdala-adult
CNhs12311	FF:10151-102I7	amygdala-adult
CNhs11760	FF:10052-101G7	aorta-adult
CNhs12842	FF:10189-103D9	appendix-adult
CNhs10616	FF:10011-101C2	bladder-adult
CNhs11761	FF:10053-101G8	blood-adult
CNhs11796	FF:10084-102B3	brain-adult
CNhs10617	FF:10012-101C3	brain-adult
CNhs11797	FF:10085-102B4	brain-fetal
CNhs11792	FF:10080-102A8	breast-adult
CNhs13802	FF:10177-103C6	caudate_nucleus-adult
CNhs12321	FF:10164-103B2	caudate_nucleus-adult
CNhs13799	FF:10173-103C2	cerebellum-adult
CNhs12323	FF:10166-103B4	cerebellum-adult
CNhs11795	FF:10083-102B2	cerebellum-adult
CNhs12840	FF:10188-103D8	cerebral_meninges-adult
CNhs10618	FF:10013-101C4	cervix-adult
CNhs11794	FF:10082-102B1	colon-adult
CNhs10619	FF:10014-101C5	colon-adult
CNhs11780	FF:10070-101I7	colon-fetal
CNhs10649	FF:10042-101F6	corpus_callosum-adult
CNhs11779	FF:10069-101I6	diaphragm-fetal
CNhs12610	FF:10193-103E4	diencephalon-adult
CNhs12846	FF:10196-103E7	ductus_deferens-adult
CNhs11781	FF:10071-101I8	duodenum-fetal
CNhs12997	FF:10071-101I8	duodenum-fetal
CNhs10648	FF:10041-101F5	dura_mater-adult
CNhs12847	FF:10197-103E8	epididymis-adult
CNhs10620	FF:10015-101C6	esophagus-adult
CNhs11762	FF:10054-101G9	eye-fetal
CNhs10647	FF:10040-101F4	frontal_lobe-adult
CNhs12848	FF:10198-103E9	gall_bladder-adult
CNhs13801	FF:10175-103C4	globus_pallidus-adult
CNhs12319	FF:10161-103A8	globus_pallidus-adult
CNhs12855	FF:10205-103F7	heart-mitral_valve-adult
CNhs12856	FF:10206-103F8	heart-pulmonic_valve-adult
CNhs12857	FF:10207-103F9	heart-tricuspid_valve-adult
CNhs11757	FF:10050-101G5	heart-adult
CNhs11758	FF:10051-101G6	heart-adult
CNhs10621	FF:10016-101C7	heart-adult
CNhs10653	FF:10046-101G1	heart-fetal
CNhs13795	FF:10169-103B7	hippocampus-adult
CNhs12312	FF:10153-102I9	hippocampus-adult
CNhs10646	FF:10039-101F3	insula-adult
CNhs10622	FF:10017-101C8	kidney-adult
CNhs10652	FF:10045-101F9	kidney-fetal
CNhs11790	FF:10079-102A7	left_atrium-adult
CNhs11789	FF:10078-102A6	left_ventricle-adult
CNhs10624	FF:10018-101C9	liver-adult
CNhs11798	FF:10086-102B5	liver-fetal
CNhs13808	FF:10182-103D2	locus_coeruleus-adult
CNhs12322	FF:10165-103B3	locus_coeruleus-adult
CNhs10625	FF:10019-101D1	lung-adult
CNhs11680	FF:10068-101I5	lung-fetal
CNhs11786	FF:10075-102A3	lung-right_lower_lobe-adult
CNhs11788	FF:10077-102A5	lymph_node-adult
CNhs13796	FF:10170-103B8	medial_frontal_gyrus-adult
CNhs12310	FF:10150-102I6	medial_frontal_gyrus-adult
CNhs13809	FF:10183-103D3	medial_temporal_gyrus-adult
CNhs12316	FF:10156-103A3	medial_temporal_gyrus
CNhs13800	FF:10174-103C3	medulla_oblongata-adult
CNhs12315	FF:10155-103A2	medulla_oblongata-adult
CNhs10645	FF:10038-101F2	medulla_oblongata-adult
CNhs10644	FF:10037-101F1	nucleus_accumbens-adult
CNhs13798	FF:10172-103C1	occipital_cortex-adult
CNhs12320	FF:10163-103B1	occipital_cortex-adult
CNhs11787	FF:10076-102A4	occipital_lobe-adult
CNhs11784	FF:10073-102A1	occipital_lobe-fetal
CNhs10643	FF:10036-101E9	occipital_pole-adult
CNhs12611	FF:10195-103E6	olfactory_region-adult
CNhs13449	FF:10277-104E7	optic_nerve
CNhs10626	FF:10020-101D2	ovary-adult
CNhs11756	FF:10049-101G4	pancreas-adult
CNhs10642	FF:10035-101E8	paracentral_gyrus-adult
CNhs13797	FF:10171-103B9	parietal_lobe-adult
CNhs12317	FF:10157-103A4	parietal_lobe-adult
CNhs10641	FF:10034-101E7	parietal_lobe-adult
CNhs11782	FF:10072-101I9	parietal_lobe-fetal
CNhs12849	FF:10199-103F1	parotid_gland-adult
CNhs12850	FF:10200-103F2	penis-adult
CNhs13804	FF:10179-103C8	pineal_gland-adult
CNhs12228	FF:10160-103A7	pineal_gland-adult
CNhs13805	FF:10180-103C9	pituitary_gland-adult
CNhs12229	FF:10162-103A9	pituitary_gland-adult
CNhs10627	FF:10021-101D3	placenta-adult
CNhs10640	FF:10033-101E6	pons-adult
CNhs10638	FF:10032-101E5	postcentral_gyrus-adult
CNhs10628	FF:10022-101D4	prostate-adult
CNhs12324	FF:10176-103C5	putamen-adult
CNhs11777	FF:10067-101I4	rectum-fetal
CNhs10636	FF:10030-101E3	retina-adult
CNhs11677	FF:10093-102C3	salivary_gland-adult
CNhs12851	FF:10201-103F3	seminal_vesicle-adult
CNhs13454	FF:10282-104F3	skeletal_muscle-soleus_muscle
CNhs10629	FF:10023-101D5	skeletal_muscle-adult
CNhs11776	FF:10066-101I3	skeletal_muscle-fetal
CNhs11774	FF:10065-101I2	skin-fetal
CNhs10630	FF:10024-101D6	small_intestine-adult
CNhs11773	FF:10064-101I1	small_intestine-fetal
CNhs11755	FF:10048-101G3	smooth_muscle-adult
CNhs13807	FF:10181-103D1	spinal_cord-adult
CNhs12227	FF:10159-103A6	spinal_cord-adult
CNhs11764	FF:10056-101H2	spinal_cord-fetal
CNhs10631	FF:10025-101D7	spleen-adult
CNhs10651	FF:10044-101F8	spleen-fetal
CNhs11771	FF:10062-101H8	stomach-fetal
CNhs12852	FF:10202-103F4	submaxillary_gland-adult
CNhs12318	FF:10158-103A5	substantia_nigra-adult
CNhs10637	FF:10031-101E4	temporal_lobe-adult
CNhs12996	FF:10063-101H9	temporal_lobe-fetal
CNhs11772	FF:10063-101H9	temporal_lobe-fetal
CNhs10632	FF:10026-101D8	testis-adult
CNhs12998	FF:10096-102C6	testis-adult
CNhs13794	FF:10168-103B6	thalamus-adult
CNhs12314	FF:10154-103A1	thalamus-adult
CNhs12858	FF:10209-103G2	throat-adult
CNhs11770	FF:10061-101H7	throat-fetal
CNhs10633	FF:10027-101D9	thymus-adult
CNhs10650	FF:10043-101F7	thymus-fetal
CNhs10634	FF:10028-101E1	thyroid-adult
CNhs11769	FF:10060-101H6	thyroid-fetal
CNhs12853	FF:10203-103F5	tongue-adult
CNhs11768	FF:10059-101H5	tongue-fetal
CNhs10654	FF:10047-101G2	tonsil-adult
CNhs10635	FF:10029-101E2	trachea-adult
CNhs11766	FF:10058-101H4	trachea-fetal
CNhs11765	FF:10057-101H3	umbilical_cord-fetal
CNhs11676	FF:10100-102D1	uterus-adult
CNhs11763	FF:10055-101H1	uterus-fetal
CNhs12854	FF:10204-103F6	vagina-adult
CNhs12844	FF:10191-103E2	vein-adult
CNhs10728	FF:10410-106B5	extraskeletal_myxoid_chondrosarcoma_cell_line
CNhs11923	FF:11261-116G1	Chondrocyte-de_diff
CNhs11372	FF:11338-117F6	Chondrocyte-de_diff
CNhs12020	FF:11410-118E6	Chondrocyte-de_diff
CNhs11373	FF:11339-117F7	Chondrocyte-re_diff
CNhs12021	FF:11411-118E7	Chondrocyte-re_diff
CNhs10871	FF:11242-116D9	Ciliary_Epithelial_Cells
CNhs11966	FF:11323-117D9	Ciliary_Epithelial_Cells
CNhs12009	FF:11399-118D4	Ciliary_Epithelial_Cells
CNhs11840	FF:10709-109H7	bronchioalveolar_carcinoma_cell_line
CNhs11336	FF:11526-119I5	Corneal_Epithelial_Cells
CNhs12123	FF:11687-122I4	Corneal_Epithelial_Cells
CNhs10855	FF:11227-116C3	Dendritic_Cells-monocyte_immature_derived
CNhs11062	FF:11227-116C3	Dendritic_Cells-monocyte_immature_derived
CNhs12000	FF:11384-118B7	Dendritic_Cells-monocyte_immature_derived
CNhs10857	FF:11228-116C4	Dendritic_Cells-plasmacytoid
CNhs11100	FF:10438-106E6	ductal_cell_carcinoma_cell_line
CNhs11259	FF:10488-107B2	ductal_cell_carcinoma_cell_line
CNhs11883	FF:10797-110I5	tubular_adenocarcinoma_cell_line
CNhs10750	FF:10432-106D9	bile_duct_carcinoma_cell_line
CNhs11265	FF:10496-107C1	bile_duct_carcinoma_cell_line
CNhs11283	FF:10536-107G5	cholangiocellular_carcinoma_cell_line
CNhs12074	FF:11514-119H2	Renal_Glomerular_Endothelial_Cells
CNhs12086	FF:11594-120H1	Renal_Glomerular_Endothelial_Cells
CNhs12624	FF:11675-122H1	Renal_Glomerular_Endothelial_Cells
CNhs10865	FF:11236-116D3	Endothelial_Cells-Lymphatic
CNhs11901	FF:11317-117D3	Endothelial_Cells-Lymphatic
CNhs11906	FF:11393-118C7	Endothelial_Cells-Lymphatic
CNhs13056	FF:10832-111D4	acute_myeloid_leukemia-FAB_M4eo-cell_line
CNhs13057	FF:10833-111D5	acute_myeloid_leukemia-FAB_M4eo-cell_line
CNhs12325	FF:10815-111B5	epitheloid_cancer_cell_line
CNhs12326	FF:10816-111B6	epitheloid_cancer_cell_line
CNhs12327	FF:10817-111B7	epitheloid_cancer_cell_line
CNhs11061	FF:11221-116B6	Gingival_epithelial_cells
CNhs11896	FF:11302-117B6	Gingival_epithelial_cells
CNhs11903	FF:11379-118B2	Gingival_epithelial_cells
CNhs11972	FF:11331-117E8	Prostate_Epithelial_Cells
CNhs12014	FF:11404-118D9	Prostate_Epithelial_Cells
CNhs10882	FF:11253-116F2	Prostate_Epithelial_Cells
CNhs12589	FF:12226-129F3	nasal_epithelial_cells
CNhs12574	FF:12227-129F4	nasal_epithelial_cells
CNhs11332	FF:11517-119H5	Renal_Epithelial_Cells
CNhs12088	FF:11597-120H4	Renal_Epithelial_Cells
CNhs12732	FF:11678-122H4	Renal_Epithelial_Cells
CNhs11330	FF:11515-119H3	Renal_Proximal_Tubular_Epithelial_Cell
CNhs12087	FF:11595-120H2	Renal_Proximal_Tubular_Epithelial_Cell
CNhs12120	FF:11676-122H2	Renal_Proximal_Tubular_Epithelial_Cell
CNhs11331	FF:11516-119H4	Renal_Cortical_Epithelial_Cells
CNhs12728	FF:11596-120H3	Renal_Cortical_Epithelial_Cells
CNhs12054	FF:11453-119A4	Bronchial_Epithelial_Cell
CNhs12058	FF:11457-119A8	Bronchial_Epithelial_Cell
CNhs12062	FF:11461-119B3	Bronchial_Epithelial_Cell
CNhs11325	FF:11510-119G7	Alveolar_Epithelial_Cells
CNhs12084	FF:11590-120G6	Alveolar_Epithelial_Cells
CNhs13550	FF:11929-125I3	Mallassez-derived_cells
CNhs13551	FF:11930-125I4	Mallassez-derived_cells
CNhs11950	FF:10812-111B2	normal_intestinal_epithelial_cell_line
CNhs10875	FF:11246-116E4	Intestinal_epithelial_cells-polarized
CNhs13059	FF:10835-111D7	acute_myeloid_leukemia-FAB_M6-cell_line
CNhs13060	FF:10836-111D8	acute_myeloid_leukemia-FAB_M6-cell_line
CNhs13505	FF:10837-111D9	acute_myeloid_leukemia-FAB_M6-cell_line
CNhs11323	FF:11507-119G4	Esophageal_Epithelial_Cells
CNhs11729	FF:10600-108E6	myxofibrosarcoma_cell_line
CNhs11821	FF:10684-109E9	myxofibrosarcoma_cell_line
CNhs10874	FF:11245-116E3	Fibroblast-Aortic_Adventitial
CNhs12011	FF:11401-118D6	Fibroblast-Aortic_Adventitial
CNhs12498	FF:11268-116G8	Fibroblast-Cardiac
CNhs11378	FF:11345-117G4	Fibroblast-Cardiac
CNhs12027	FF:11417-118F4	Fibroblast-Cardiac
CNhs11909	FF:11452-119A3	Fibroblast-Cardiac
CNhs12057	FF:11456-119A7	Fibroblast-Cardiac
CNhs12061	FF:11460-119B2	Fibroblast-Cardiac
CNhs11319	FF:11492-119E7	Fibroblast-Choroid_Plexus
CNhs12344	FF:11572-120E6	Fibroblast-Choroid_Plexus
CNhs11339	FF:11531-120A1	Fibroblast-Conjunctival
CNhs12499	FF:11269-116G9	Fibroblast-Dermal
CNhs11379	FF:11346-117G5	Fibroblast-Dermal
CNhs12028	FF:11418-118F5	Fibroblast-Dermal
CNhs12052	FF:11450-119A1	Fibroblast-Dermal
CNhs12055	FF:11454-119A5	Fibroblast-Dermal
CNhs12059	FF:11458-119A9	Fibroblast-Dermal
CNhs10866	FF:11237-116D4	Fibroblast-Gingival
CNhs11961	FF:11318-117D4	Fibroblast-Gingival
CNhs12006	FF:11394-118C8	Fibroblast-Gingival
CNhs10848	FF:11222-116B7	Fibroblast-Gingival
CNhs11952	FF:11303-117B7	Fibroblast-Gingival
CNhs11322	FF:11506-119G3	Fibroblast-Lymphatic
CNhs12118	FF:11667-122G2	Fibroblast-Lymphatic
CNhs10867	FF:11238-116D5	Fibroblast-Periodontal_Ligament-fetal
CNhs11962	FF:11319-117D5	Fibroblast-Periodontal_Ligament-fetal
CNhs11907	FF:11395-118C9	Fibroblast-Periodontal_Ligament-fetal
CNhs12493	FF:11223-116B8	Fibroblast-Periodontal_Ligament-adult
CNhs11953	FF:11304-117B8	Fibroblast-Periodontal_Ligament-adult
CNhs11996	FF:11380-118B3	Fibroblast-Periodontal_Ligament-adult
CNhs10878	FF:11250-116E8	Fibroblast-Pulmonary_Artery
CNhs11353	FF:11556-120C8	Fibroblast-skin_dystrophia_myotonica
CNhs11354	FF:11557-120C9	Fibroblast-skin_dystrophia_myotonica
CNhs11913	FF:11560-120D3	Fibroblast-skin_dystrophia_myotonica
CNhs11351	FF:11553-120C5	Fibroblast-skin_normal
CNhs11914	FF:11561-120D4	Fibroblast-skin_normal
CNhs11074	FF:11555-120C7	Fibroblast-skin_spinal_muscular_atrophy
CNhs11911	FF:11558-120D1	Fibroblast-skin_spinal_muscular_atrophy
CNhs11912	FF:11559-120D2	Fibroblast-skin_spinal_muscular_atrophy
CNhs11352	FF:11554-120C6	Fibroblast-skin_walker_warburg
CNhs11878	FF:10790-110H7	teratocarcinoma_cell_line
CNhs11884	FF:10798-110I6	teratocarcinoma_cell_line
CNhs11185	FF:10444-106F3	glioma_cell_line
CNhs11248	FF:10444-106F3	glioma_cell_line
CNhs11272	FF:10485-107A8	glioma_cell_line
CNhs10731	FF:10413-106B8	glioma_cell_line
CNhs11250	FF:10454-106G4	chronic_myelogenous_leukemia-CML-cell_line
CNhs12334	FF:10824-111C5	chronic_myelogenous_leukemia-CML-cell_line
CNhs12335	FF:10825-111C6	chronic_myelogenous_leukemia-CML-cell_line
CNhs12336	FF:10826-111C7	chronic_myelogenous_leukemia-CML-cell_line
CNhs11886	FF:10801-110I9	chronic_myelogenous_leukemia-CML-cell_line
CNhs11740	FF:10624-108H3	granulosa_cell_tumor_cell_line
CNhs12501	FF:11271-116H2	Hair_Follicle_Dermal_Papilla_Cells
CNhs11979	FF:11348-117G7	Hair_Follicle_Dermal_Papilla_Cells
CNhs12030	FF:11420-118F7	Hair_Follicle_Dermal_Papilla_Cells
CNhs10730	FF:10412-106B7	malignant_trichilemmal_cyst_cell_line
CNhs12339	FF:11504-119G1	Hair_Follicle_Outer_Root_Sheath_Cells
CNhs12347	FF:11584-120F9	Hair_Follicle_Outer_Root_Sheath_Cells
CNhs12075	FF:11521-119H9	Hepatic_Sinusoidal_Endothelial_Cells
CNhs12092	FF:11601-120H8	Hepatic_Sinusoidal_Endothelial_Cells
CNhs11742	FF:10633-108I3	hepatoblastoma_cell_line
CNhs12328	FF:10818-111B8	hepatocellular_carcinoma_cell_line
CNhs12329	FF:10819-111B9	hepatocellular_carcinoma_cell_line
CNhs12330	FF:10820-111C1	hepatocellular_carcinoma_cell_line
CNhs11271	FF:10484-107A7	hepatocellular_carcinoma_cell_line
CNhs11933	FF:10706-109H4	pleomorphic_hepatocellular_carcinoma_cell_line
CNhs12340	FF:11523-119I2	Hepatocyte
CNhs12349	FF:11603-120I1	Hepatocyte
CNhs12626	FF:11684-122I1	Hepatocyte
CNhs12596	FF:11530-119I9	Iris_Pigment_Epithelial_Cells
CNhs11064	FF:11272-116H3	Keratinocyte-epidermal
CNhs11381	FF:11349-117G8	Keratinocyte-epidermal
CNhs12031	FF:11421-118F8	Keratinocyte-epidermal
CNhs10879	FF:11251-116E9	Keratinocyte-oral
CNhs11337	FF:11527-119I6	Keratocytes
CNhs12095	FF:11607-120I5	Keratocytes
CNhs13537	FF:11904-125F5	langerhans_cells-immature
CNhs13480	FF:11905-125F6	langerhans_cells-immature
CNhs13535	FF:11901-125F2	langerhans_cells-migratory
CNhs13536	FF:11902-125F3	langerhans_cells-migratory
CNhs13547	FF:11903-125F4	langerhans_cells-migratory
CNhs11750	FF:10647-109A8	lens_epithelial_cell_line
CNhs12342	FF:11529-119I8	Lens_Epithelial_Cells
CNhs12568	FF:11609-120I7	Lens_Epithelial_Cells
CNhs12572	FF:11690-122I7	Lens_Epithelial_Cells
CNhs11715	FF:10435-106E3	Hodgkins_lymphoma_cell_line
CNhs10747	FF:10430-106D7	non_T_non_B_acute_lymphoblastic_leukemia-ALL-cell_line
CNhs11881	FF:10795-110I3	anaplastic_large_cell_lymphoma_cell_line
CNhs10861	FF:11232-116C8	Macrophage-monocyte_derived
CNhs11899	FF:11313-117C8	Macrophage-monocyte_derived
CNhs12003	FF:11389-118C3	Macrophage-monocyte_derived
CNhs11077	FF:11273-116H4	Mammary_Epithelial_Cell
CNhs11382	FF:11350-117G9	Mammary_Epithelial_Cell
CNhs12032	FF:11422-118F9	Mammary_Epithelial_Cell
CNhs11073	FF:11487-119E2	Mast_cell
CNhs12566	FF:11563-120D6	Mast_cell
CNhs12594	FF:11565-120D8	Mast_cell
CNhs12593	FF:11566-120D9	Mast_cell
CNhs12592	FF:11567-120E1	Mast_cell
CNhs13049	FF:10699-109G6	acute_myeloid_leukemia-FAB_M7-cell_line
CNhs11859	FF:10752-110D5	leukemia-chronic_megakaryoblastic__cell_line
CNhs11281	FF:10514-107E1	melanoma_cell_line
CNhs11254	FF:10465-106H6	melanoma_cell_line
CNhs12570	FF:11663-122F7	Melanocyte
CNhs11303	FF:11274-116H5	Melanocyte
CNhs11383	FF:11351-117H1	Melanocyte
CNhs12033	FF:11423-118G1	Melanocyte
CNhs11945	FF:10691-109F7	meningioma_cell_line
CNhs11320	FF:11493-119E8	Meningeal_Cells
CNhs12080	FF:11573-120E7	Meningeal_Cells
CNhs12731	FF:11654-122E7	Meningeal_Cells
CNhs12838	FF:10843-111E6	merkel_cell_carcinoma_cell_line
CNhs12839	FF:10844-111E7	merkel_cell_carcinoma_cell_line
CNhs11333	FF:11518-119H6	Renal_Mesangial_Cells
CNhs12121	FF:11679-122H5	Renal_Mesangial_Cells
CNhs13508	FF:11843-124H7	serous_adenocarcinoma_cell_line
CNhs13099	FF:11841-124H5	serous_adenocarcinoma_cell_line
CNhs12363	FF:11747-123G1	mesenchymal_precursor_cell-adipose
CNhs12364	FF:11748-123G2	mesenchymal_precursor_cell-adipose
CNhs12365	FF:11749-123G3	mesenchymal_precursor_cell-adipose
CNhs12366	FF:11750-123G4	mesenchymal_precursor_cell-bone_marrow
CNhs12367	FF:11751-123G5	mesenchymal_precursor_cell-bone_marrow
CNhs13098	FF:11840-124H4	mesenchymal_precursor_cell-bone_marrow
CNhs12368	FF:11752-123G6	mesenchymal_precursor_cell-cardiac
CNhs12369	FF:11753-123G7	mesenchymal_precursor_cell-cardiac
CNhs12370	FF:11754-123G8	mesenchymal_precursor_cell-cardiac
CNhs12371	FF:11755-123G9	mesenchymal_precursor_cell-cardiac
CNhs12372	FF:11756-123H1	mesenchymal_precursor_cell-ovarian_cancer_left_ovary
CNhs13092	FF:11833-124G6	mesenchymal_precursor_cell-ovarian_cancer_left_ovary
CNhs12376	FF:11760-123H5	mesenchymal_precursor_cell-ovarian_cancer_left_ovary
CNhs13094	FF:11836-124G9	mesenchymal_precursor_cell-ovarian_cancer_left_ovary
CNhs12374	FF:11758-123H3	mesenchymal_precursor_cell-ovarian_cancer_metastasis
CNhs13093	FF:11835-124G8	mesenchymal_precursor_cell-ovarian_cancer_metastasis
CNhs12378	FF:11762-123H7	mesenchymal_precursor_cell-ovarian_cancer_metastasis
CNhs13097	FF:11838-124H2	mesenchymal_precursor_cell-ovarian_cancer_metastasis
CNhs12373	FF:11757-123H2	mesenchymal_precursor_cell-ovarian_cancer_right_ovary
CNhs12375	FF:11759-123H4	mesenchymal_precursor_cell-ovarian_cancer_right_ovary
CNhs12377	FF:11761-123H6	mesenchymal_precursor_cell-ovarian_cancer_right_ovary
CNhs13507	FF:11842-124H6	mesenchymal_precursor_cell-ovarian_cancer_right_ovary
CNhs13096	FF:11837-124H1	mesenchymal_precursor_cell-ovarian_cancer_right_ovary
CNhs11718	FF:10568-108B1	mesenchymal_stem_cell_line
CNhs11057	FF:11548-120B9	Mesenchymal_stem_cells-Whartons_Jelly
CNhs11345	FF:11537-120A7	Mesenchymal_stem_cells-adipose
CNhs12922	FF:11698-123A6	Mesenchymal_stem_cells-adipose
CNhs11349	FF:11547-120B8	Mesenchymal_stem_cells-amniotic_membrane
CNhs12104	FF:11627-122B7	Mesenchymal_stem_cells-amniotic_membrane
CNhs11344	FF:11536-120A6	Mesenchymal_stem_cells-bone_marrow
CNhs12100	FF:11616-122A5	Mesenchymal_stem_cells-bone_marrow
CNhs12126	FF:11697-123A5	Mesenchymal_stem_cells-bone_marrow
CNhs12730	FF:11618-122A7	Mesenchymal_stem_cells-hepatic
CNhs11347	FF:11539-120A9	Mesenchymal_stem_cells-umbilical
CNhs12127	FF:11700-123A8	Mesenchymal_stem_cells-umbilical
CNhs10844	FF:11217-116B2	Mesenchymal_stem_cells-adipose
CNhs10845	FF:11218-116B3	Mesenchymal_stem_cells-hepatic
CNhs12492	FF:11214-116A8	Mesenchymal_stem_cells-umbilical
CNhs11350	FF:11549-120C1	Multipotent_Cord_Blood_Unrestricted_Somatic_Stem_Cells
CNhs12105	FF:11629-122B9	Multipotent_Cord_Blood_Unrestricted_Somatic_Stem_Cells
CNhs11263	FF:10493-107B7	mesothelioma_cell_line
CNhs11264	FF:10494-107B8	mesothelioma_cell_line
CNhs13066	FF:10850-111F4	mesothelioma_cell_line
CNhs13067	FF:10851-111F5	mesothelioma_cell_line
CNhs13068	FF:10852-111F6	mesothelioma_cell_line
CNhs13069	FF:10853-111F7	mesothelioma_cell_line
CNhs13070	FF:10854-111F8	mesothelioma_cell_line
CNhs13072	FF:10855-111F9	mesothelioma_cell_line
CNhs13073	FF:10856-111G1	mesothelioma_cell_line
CNhs13063	FF:10847-111F1	mesothelioma_cell_line
CNhs13062	FF:10846-111E9	mesothelioma_cell_line
CNhs13064	FF:10848-111F2	mesothelioma_cell_line
CNhs13061	FF:10845-111E8	mesothelioma_cell_line
CNhs13074	FF:10857-111G2	mesothelioma_cell_line
CNhs13075	FF:10858-111G3	mesothelioma_cell_line
CNhs10850	FF:11247-116E5	Mesothelial_Cells
CNhs12012	FF:11402-118D7	Mesothelial_Cells
CNhs10722	FF:10399-106A3	acute_myeloid_leukemia-FAB_M5-cell_line
CNhs10723	FF:10400-106A4	acute_myeloid_leukemia-FAB_M5-cell_line
CNhs10724	FF:10405-106A9	acute_myeloid_leukemia-FAB_M5-cell_line
CNhs13058	FF:10834-111D6	acute_myeloid_leukemia-FAB_M5-cell_line
CNhs10852	FF:11224-116B9	CD14pos_Monocytes
CNhs11954	FF:11305-117B9	CD14pos_Monocytes
CNhs11997	FF:11381-118B4	CD14pos_Monocytes
CNhs13468	FF:11863-125A9	CD14pos_monocytes-mock_treated
CNhs13484	FF:11873-125C1	CD14pos_monocytes-mock_treated
CNhs13491	FF:11883-125D2	CD14pos_monocytes-mock_treated
CNhs13474	FF:11869-125B6	CD14pos_monocytes-treated_with_B-glucan
CNhs13489	FF:11879-125C7	CD14pos_monocytes-treated_with_B-glucan
CNhs13495	FF:11889-125D8	CD14pos_monocytes-treated_with_B-glucan
CNhs13465	FF:11860-125A6	CD14pos_monocytes-treated_with_BCG
CNhs13475	FF:11870-125B7	CD14pos_monocytes-treated_with_BCG
CNhs13543	FF:11880-125C8	CD14pos_monocytes-treated_with_BCG
CNhs13473	FF:11868-125B5	CD14pos_monocytes-treated_with_Candida
CNhs13488	FF:11878-125C6	CD14pos_monocytes-treated_with_Candida
CNhs13494	FF:11888-125D7	CD14pos_monocytes-treated_with_Candida
CNhs13472	FF:11867-125B4	CD14pos_monocytes-treated_with_Cryptococcus
CNhs13487	FF:11877-125C5	CD14pos_monocytes-treated_with_Cryptococcus
CNhs13546	FF:11887-125D6	CD14pos_monocytes-treated_with_Cryptococcus
CNhs13469	FF:11864-125B1	CD14pos_monocytes-treated_with_Group_A_streptococci
CNhs13532	FF:11874-125C2	CD14pos_monocytes-treated_with_Group_A_streptococci
CNhs13492	FF:11884-125D3	CD14pos_monocytes-treated_with_Group_A_streptococci
CNhs13466	FF:11861-125A7	CD14pos_monocytes-treated_with_IFN_pos_N-hexane
CNhs13476	FF:11871-125B8	CD14pos_monocytes-treated_with_IFN_pos_N-hexane
CNhs13490	FF:11881-125C9	CD14pos_monocytes-treated_with_IFN_pos_N-hexane
CNhs13471	FF:11866-125B3	CD14pos_monocytes-treated_with_Salmonella
CNhs13485	FF:11876-125C4	CD14pos_monocytes-treated_with_Salmonella
CNhs13493	FF:11886-125D5	CD14pos_monocytes-treated_with_Salmonella
CNhs13467	FF:11862-125A8	CD14pos_monocytes-treated_with_Trehalose_dimycolate-TDM
CNhs13483	FF:11872-125B9	CD14pos_monocytes-treated_with_Trehalose_dimycolate-TDM
CNhs13544	FF:11882-125D1	CD14pos_monocytes-treated_with_Trehalose_dimycolate-TDM
CNhs13470	FF:11865-125B2	CD14pos_monocytes-treated_with_lipopolysaccharide
CNhs13533	FF:11875-125C3	CD14pos_monocytes-treated_with_lipopolysaccharide
CNhs13545	FF:11885-125D4	CD14pos_monocytes-treated_with_lipopolysaccharide
CNhs13541	FF:11789-124B7	CD14posCD16pos_Monocytes
CNhs13208	FF:11801-124D1	CD14posCD16pos_Monocytes
CNhs13549	FF:11912-125G4	CD14posCD16pos_Monocytes
CNhs13224	FF:11788-124B6	CD14posCD16-_Monocytes
CNhs13216	FF:11799-124C8	CD14posCD16-_Monocytes
CNhs13540	FF:11910-125G2	CD14posCD16-_Monocytes
CNhs13207	FF:11800-124C9	CD14-CD16pos_Monocytes
CNhs13548	FF:11911-125G3	CD14-CD16pos_Monocytes
CNhs10860	FF:11231-116C7	Peripheral_Blood_Mononuclear_Cells
CNhs11958	FF:11312-117C7	Peripheral_Blood_Mononuclear_Cells
CNhs12002	FF:11388-118C2	Peripheral_Blood_Mononuclear_Cells
CNhs11934	FF:10772-110F7	myelodysplastic_syndrome_cell_line
CNhs13053	FF:10827-111C8	acute_myeloid_leukemia-FAB_M0-cell_line
CNhs13054	FF:10828-111C9	acute_myeloid_leukemia-FAB_M1-cell_line
CNhs13502	FF:10788-110H5	acute_myeloid_leukemia-FAB_M2-cell_line
CNhs13052	FF:10792-110H9	acute_myeloid_leukemia-FAB_M2-cell_line
CNhs11864	FF:10765-110E9	acute_myeloid_leukemia-FAB_M2-cell_line
CNhs13055	FF:10829-111D1	acute_myeloid_leukemia-FAB_M3-cell_line
CNhs13503	FF:10830-111D2	acute_myeloid_leukemia-FAB_M4-cell_line
CNhs13504	FF:10831-111D3	acute_myeloid_leukemia-FAB_M4-cell_line
CNhs13050	FF:10764-110E8	acute_myeloid_leukemia-FAB_M5-cell_line
CNhs13051	FF:10770-110F5	acute_myeloid_leukemia-FAB_M5-cell_line
CNhs11888	FF:10802-111A1	acute_myeloid_leukemia-FAB_M7-cell_line
CNhs11845	FF:10718-109I7	biphenotypic_B_myelomonocytic_leukemia_cell_line
CNhs11865	FF:10766-110F1	chronic_myelogenous_leukemia-CML-cell_line
CNhs10859	FF:11230-116C6	Natural_Killer_Cells
CNhs11957	FF:11311-117C6	Natural_Killer_Cells
CNhs12001	FF:11387-118C1	Natural_Killer_Cells
CNhs11063	FF:11275-116H6	Neural_stem_cells
CNhs11384	FF:11352-117H2	Neural_stem_cells
CNhs12805	FF:10838-111E1	medulloblastoma_cell_line
CNhs11861	FF:10759-110E3	medulloblastoma_cell_line
CNhs11276	FF:10508-107D4	neuroblastoma_cell_line
CNhs11284	FF:10539-107G8	neuroblastoma_cell_line
CNhs11818	FF:10607-108F4	neuroblastoma_cell_line
CNhs11811	FF:10555-107I6	neuroblastoma_cell_line
CNhs11834	FF:10703-109H1	carcinoid_cell_line
CNhs11846	FF:10719-109I8	carcinoid_cell_line
CNhs12338	FF:11494-119E9	Neurons
CNhs12726	FF:11574-120E8	Neurons
CNhs13815	FF:11655-122E8	Neurons
CNhs10862	FF:11233-116C9	Neutrophils
CNhs11959	FF:11314-117C9	Neutrophils
CNhs11905	FF:11390-118C4	Neutrophils
CNhs10881	FF:11252-116F1	Nucleus_Pulposus_Cell
CNhs12019	FF:11409-118E5	Nucleus_Pulposus_Cell
CNhs12063	FF:11462-119B4	Nucleus_Pulposus_Cell
CNhs11836	FF:10705-109H3	Ewings_sarcoma_cell_line
CNhs11279	FF:10510-107D6	osteosarcoma_cell_line
CNhs11290	FF:10558-107I9	osteosarcoma_cell_line
CNhs11385	FF:11354-117H4	Osteoblast
CNhs12036	FF:11426-118G4	Osteoblast
CNhs11835	FF:10704-109H2	osteoclastoma_cell_line
CNhs11311	FF:11276-116H7	Osteoblast-differentiated
CNhs11980	FF:11353-117H3	Osteoblast-differentiated
CNhs12035	FF:11425-118G3	Osteoblast-differentiated
CNhs11869	FF:10781-110G7	somatostatinoma_cell_line
CNhs10877	FF:11249-116E7	Pancreatic_stromal_cells
CNhs11317	FF:11491-119E6	Pericytes
CNhs12079	FF:11571-120E5	Pericytes
CNhs11079	FF:11278-116H9	Placental_Epithelial_Cells
CNhs11386	FF:11355-117H5	Placental_Epithelial_Cells
CNhs12037	FF:11427-118G5	Placental_Epithelial_Cells
CNhs12807	FF:10840-111E3	plasma_cell_leukemia_cell_line
CNhs11838	FF:10708-109H6	alveolar_cell_carcinoma_cell_line
CNhs10884	FF:11256-116F5	Small_Airway_Epithelial_Cells
CNhs11975	FF:11334-117F2	Small_Airway_Epithelial_Cells
CNhs12016	FF:11406-118E2	Small_Airway_Epithelial_Cells
CNhs11275	FF:10499-107C4	lung_adenocarcinoma_cell_line
CNhs11052	FF:11467-119B9	Preadipocyte-breast
CNhs11971	FF:11328-117E5	Preadipocyte-breast
CNhs11065	FF:11468-119C1	Preadipocyte-omental
CNhs11902	FF:11329-117E6	Preadipocyte-omental
CNhs12013	FF:11403-118D8	Preadipocyte-omental
CNhs12065	FF:11469-119C2	Preadipocyte-perirenal
CNhs11981	FF:11356-117H6	Preadipocyte-subcutaneous
CNhs12038	FF:11428-118G6	Preadipocyte-subcutaneous
CNhs11082	FF:11280-116I2	Preadipocyte-visceral
CNhs11982	FF:11357-117H7	Preadipocyte-visceral
CNhs12039	FF:11429-118G7	Preadipocyte-visceral
CNhs10883	FF:11254-116F3	Prostate_Stromal_Cells
CNhs11973	FF:11332-117E9	Prostate_Stromal_Cells
CNhs12015	FF:11405-118E1	Prostate_Stromal_Cells
CNhs10842	FF:11215-116A9	Retinal_Pigment_Epithelial_Cells
CNhs11338	FF:11528-119I7	Retinal_Pigment_Epithelial_Cells
CNhs12733	FF:11689-122I6	Retinal_Pigment_Epithelial_Cells
CNhs12810	FF:11771-123I7	salivary_acinar_cells
CNhs12811	FF:11772-123I8	salivary_acinar_cells
CNhs12812	FF:11773-123I9	salivary_acinar_cells
CNhs10869	FF:11240-116D7	Skeletal_Muscle_Satellite_Cells
CNhs11964	FF:11321-117D7	Skeletal_Muscle_Satellite_Cells
CNhs12008	FF:11397-118D2	Skeletal_Muscle_Satellite_Cells
CNhs11854	FF:10729-110A9	neurofibroma_cell_line
CNhs11183	FF:10442-106F1	schwannoma_cell_line
CNhs11245	FF:10442-106F1	schwannoma_cell_line
CNhs10847	FF:11220-116B5	Sebocyte
CNhs11951	FF:11301-117B5	Sebocyte
CNhs10851	FF:11255-116F4	Sertoli_Cells
CNhs11269	FF:10477-106I9	rhabdomyosarcoma_cell_line
CNhs11083	FF:11281-116I3	Skeletal_Muscle_Cells
CNhs12053	FF:11451-119A2	Skeletal_Muscle_Cells
CNhs12056	FF:11455-119A6	Skeletal_Muscle_Cells
CNhs12060	FF:11459-119B1	Skeletal_Muscle_Cells
CNhs11084	FF:11282-116I4	Skeletal_muscle_cells_differentiated_into_Myotubes-multinucleated
CNhs10870	FF:11241-116D8	Myoblast
CNhs11965	FF:11322-117D8	Myoblast
CNhs11908	FF:11398-118D3	Myoblast
CNhs11722	FF:10569-108B2	leiomyoma_cell_line
CNhs11723	FF:10570-108B3	leiomyoma_cell_line
CNhs11724	FF:10571-108B4	leiomyoma_cell_line
CNhs10838	FF:11210-116A4	Smooth_Muscle_Cells-Aortic
CNhs11085	FF:11283-116I5	Smooth_Muscle_Cells-Aortic
CNhs11305	FF:11360-117I1	Smooth_Muscle_Cells-Aortic
CNhs11309	FF:11432-118H1	Smooth_Muscle_Cells-Aortic
CNhs11086	FF:11284-116I6	Smooth_Muscle_Cells-Brachiocephalic
CNhs12043	FF:11433-118H2	Smooth_Muscle_Cells-Brachiocephalic
CNhs10863	FF:11234-116D1	Smooth_Muscle_Cells-Brain_Vascular
CNhs11900	FF:11315-117D1	Smooth_Muscle_Cells-Brain_Vascular
CNhs12004	FF:11391-118C5	Smooth_Muscle_Cells-Brain_Vascular
CNhs11328	FF:11512-119G9	Smooth_Muscle_Cells-Bronchial
CNhs12348	FF:11592-120G8	Smooth_Muscle_Cells-Bronchial
CNhs11087	FF:11285-116I7	Smooth_Muscle_Cells-Carotid
CNhs12044	FF:11434-118H3	Smooth_Muscle_Cells-Carotid
CNhs10868	FF:11239-116D6	Smooth_Muscle_Cells-Colonic
CNhs11963	FF:11320-117D6	Smooth_Muscle_Cells-Colonic
CNhs12007	FF:11396-118D1	Smooth_Muscle_Cells-Colonic
CNhs11088	FF:11286-116I8	Smooth_Muscle_Cells-Coronary_Artery
CNhs11987	FF:11363-117I4	Smooth_Muscle_Cells-Coronary_Artery
CNhs12045	FF:11435-118H4	Smooth_Muscle_Cells-Coronary_Artery
CNhs11324	FF:11508-119G5	Smooth_Muscle_Cells-Esophageal
CNhs11988	FF:11364-117I5	Smooth_Muscle_Cells-Internal_Thoracic_Artery
CNhs12046	FF:11436-118H5	Smooth_Muscle_Cells-Internal_Thoracic_Artery
CNhs11920	FF:11257-116F6	Smooth_Muscle_Cells-Prostate
CNhs11976	FF:11335-117F3	Smooth_Muscle_Cells-Prostate
CNhs11989	FF:11365-117I6	Smooth_Muscle_Cells-Pulmonary_Artery
CNhs11090	FF:11289-117A2	Smooth_Muscle_Cells-Subclavian_Artery
CNhs11990	FF:11366-117I7	Smooth_Muscle_Cells-Subclavian_Artery
CNhs12048	FF:11438-118H7	Smooth_Muscle_Cells-Subclavian_Artery
CNhs11329	FF:11513-119H1	Smooth_Muscle_Cells-Tracheal
CNhs12894	FF:11674-122G9	Smooth_Muscle_Cells-Tracheal
CNhs11091	FF:11290-117A3	Smooth_Muscle_Cells-Umbilical_Artery
CNhs11991	FF:11367-117I8	Smooth_Muscle_Cells-Umbilical_Artery
CNhs12049	FF:11439-118H8	Smooth_Muscle_Cells-Umbilical_Artery
CNhs12597	FF:11541-120B2	Smooth_Muscle_Cells-Umbilical_Vein
CNhs12569	FF:11621-122B1	Smooth_Muscle_Cells-Umbilical_Vein
CNhs10839	FF:11212-116A6	Smooth_Muscle_Cells-Umbilical_Artery
CNhs11927	FF:11466-119B8	Smooth_Muscle_Cells-Uterine
CNhs12588	FF:12225-129F2	CD34pos_stem_cells-adult_bone_marrow_derived
CNhs11931	FF:10686-109F2	bone_marrow_stromal_cell_line
CNhs11992	FF:11368-117I9	Synoviocyte
CNhs12050	FF:11440-118H9	Synoviocyte
CNhs10746	FF:10429-106D6	acute_lymphoblastic_leukemia-T-ALL-cell_line
CNhs11253	FF:10464-106H5	acute_lymphoblastic_leukemia-T-ALL-cell_line
CNhs10738	FF:10421-106C7	adult_T-cell_leukemia_cell_line
CNhs11714	FF:10416-106C2	chronic_lymphocytic_leukemia-T-CLL-cell_line
CNhs11843	FF:10712-109I1	hairy_cell_leukemia_cell_line
CNhs11858	FF:10744-110C6	mycosis_fungoides-T_cell_lymphoma_cell_line
CNhs13203	FF:11793-124C2	CD4posCD25posCD45RApos_naive_regulatory_T_cells
CNhs13513	FF:11907-125F8	CD4posCD25posCD45RApos_naive_regulatory_T_cells
CNhs13204	FF:11794-124C3	CD4posCD25posCD45RA-_memory_regulatory_T_cells
CNhs13811	FF:11916-125G8	CD4posCD25posCD45RA-_memory_regulatory_T_cells
CNhs13812	FF:11920-125H3	CD4posCD25posCD45RA-_memory_regulatory_T_cells
CNhs13195	FF:11782-124A9	CD4posCD25posCD45RA-_memory_regulatory_T_cells
CNhs13206	FF:11797-124C6	CD4posCD25posCD45RA-_memory_regulatory_T_cells
CNhs13538	FF:11908-125F9	CD4posCD25posCD45RA-_memory_regulatory_T_cells
CNhs13202	FF:11791-124B9	CD4posCD25-CD45RApos_naive_conventional_T_cells
CNhs13813	FF:11913-125G5	CD4posCD25-CD45RApos_naive_conventional_T_cells
CNhs13814	FF:11917-125G9	CD4posCD25-CD45RApos_naive_conventional_T_cells
CNhs13223	FF:11784-124B2	CD4posCD25-CD45RApos_naive_conventional_T_cells
CNhs13205	FF:11795-124C4	CD4posCD25-CD45RApos_naive_conventional_T_cells
CNhs13512	FF:11906-125F7	CD4posCD25-CD45RApos_naive_conventional_T_cells
CNhs13215	FF:11792-124C1	CD4posCD25-CD45RA-_memory_conventional_T_cells
CNhs13539	FF:11909-125G1	CD4posCD25-CD45RA-_memory_conventional_T_cells
CNhs10853	FF:11225-116C1	CD4pos_T_Cells
CNhs11955	FF:11306-117C1	CD4pos_T_Cells
CNhs11998	FF:11382-118B5	CD4pos_T_Cells
CNhs10854	FF:11226-116C2	CD8pos_T_Cells
CNhs11956	FF:11307-117C2	CD8pos_T_Cells
CNhs11999	FF:11383-118B6	CD8pos_T_Cells
CNhs11867	FF:10777-110G3	NK_T_cell_leukemia_cell_line
CNhs12639	FF:11763-123H8	tenocyte
CNhs12640	FF:11765-123I1	tenocyte
CNhs12641	FF:11768-123I4	tenocyte
CNhs11340	FF:11532-120A2	Trabecular_Meshwork_Cells
CNhs12124	FF:11693-123A1	Trabecular_Meshwork_Cells
CNhs11092	FF:11292-117A5	Tracheal_Epithelial_Cells
CNhs11993	FF:11369-118A1	Tracheal_Epithelial_Cells
CNhs12051	FF:11441-118I1	Tracheal_Epithelial_Cells
CNhs11820	FF:10618-108G6	choriocarcinoma__cell_line
CNhs10740	FF:10423-106C9	choriocarcinoma__cell_line
CNhs11875	FF:10785-110H2	choriocarcinoma__cell_line
CNhs13479	FF:11898-125E8	Hep-2_cells
CNhs13500	FF:11899-125E9	Hep-2_cells
CNhs13501	FF:11900-125F1	Hep-2_cells
CNhs13477	FF:11890-125D9	Hep-2_cells
CNhs13496	FF:11891-125E1	Hep-2_cells
CNhs13497	FF:11892-125E2	Hep-2_cells
CNhs13478	FF:11894-125E4	Hep-2_cells
CNhs13498	FF:11895-125E5	Hep-2_cells
CNhs13499	FF:11896-125E6	Hep-2_cells
CNhs11892	FF:10809-111A8	Wilms_tumor_cell_line
CNhs11728	FF:10597-108E3	Wilms_tumor_cell_line
CNhs11844	FF:10717-109I6	acantholytic_squamous_carcinoma_cell_line
CNhs11882	FF:10796-110I4	adenocarcinoma_cell_line
CNhs10745	FF:10428-106D5	anaplastic_carcinoma_cell_line
CNhs11889	FF:10805-111A4	anaplastic_squamous_cell_carcinoma_cell_line
CNhs11725	FF:10589-108D4	argyrophil_small_cell_carcinoma_cell_line
CNhs11932	FF:10702-109G9	basal_cell_carcinoma_cell_line
CNhs11943	FF:10482-107A5	breast_carcinoma_cell_line
CNhs10736	FF:10419-106C5	breast_carcinoma_cell_line
CNhs11862	FF:10760-110E4	bronchial_squamous_cell_carcinoma_cell_line
CNhs11841	FF:10710-109H8	bronchogenic_carcinoma_cell_line
CNhs11747	FF:10642-109A3	carcinosarcoma_cell_line
CNhs11288	FF:10552-107I3	cervical_cancer_cell_line
CNhs11289	FF:10553-107I4	cervical_cancer_cell_line
CNhs11745	FF:10638-108I8	clear_cell_carcinoma_cell_line
CNhs11930	FF:10636-108I6	clear_cell_carcinoma_cell_line
CNhs11280	FF:10513-107D9	colon_carcinoma_cell_line
CNhs10737	FF:10420-106C6	colon_carcinoma_cell_line
CNhs11050	FF:10453-106G3	cord_blood_derived_cell_line
CNhs11049	FF:10452-106G2	cord_blood_derived_cell_line
CNhs11045	FF:10449-106F8	cord_blood_derived_cell_line
CNhs11047	FF:10451-106G1	embryonic_kidney_cell_line
CNhs11046	FF:10450-106F9	embryonic_kidney_cell_line
CNhs11731	FF:10604-108F1	embryonic_pancreas_cell_line
CNhs11732	FF:10605-108F2	embryonic_pancreas_cell_line
CNhs11733	FF:10606-108F3	embryonic_pancreas_cell_line
CNhs11814	FF:10603-108E9	embryonic_pancreas_cell_line
CNhs11266	FF:10497-107C2	endometrial_cancer_cell_line
CNhs11249	FF:10448-106F7	endometrial_cancer_cell_line
CNhs11748	FF:10643-109A4	endometrial_cancer_cell_line
CNhs10743	FF:10426-106D3	epidermoid_carcinoma_cell_line
CNhs10748	FF:10431-106D8	epidermoid_carcinoma_cell_line
CNhs11247	FF:10443-106F2	epitheloid_cancer_cell_line
CNhs11860	FF:10758-110E2	fibrosarcoma_cell_line
CNhs11842	FF:10711-109H9	fibrous_histiocytoma_cell_line
CNhs11256	FF:10470-106I2	gall_bladder_carcinoma_cell_line
CNhs10733	FF:10415-106C1	gall_bladder_carcinoma_cell_line
CNhs11737	FF:10614-108G2	gastric_cancer_cell_line
CNhs11819	FF:10612-108F9	gastric_cancer_cell_line
CNhs11286	FF:10549-107H9	gastric_cancer_cell_line
CNhs11738	FF:10615-108G3	gastric_cancer_cell_line
CNhs11274	FF:10487-107B1	giant_cell_carcinoma_cell_line
CNhs10751	FF:10433-106E1	giant_cell_carcinoma_cell_line
CNhs11824	FF:10688-109F4	glassy_cell_carcinoma_cell_line
CNhs11880	FF:10791-110H8	keratoacanthoma_cell_line
CNhs11277	FF:10509-107D5	large_cell_lung_carcinoma_cell_line
CNhs12806	FF:10839-111E2	large_cell_lung_carcinoma_cell_line
CNhs11825	FF:10692-109F8	large_cell_non-keratinizing_squamous_carcinoma_cell_line
CNhs11848	FF:10721-110A1	leiomyoblastoma_cell_line
CNhs10726	FF:10408-106B3	lung_adenocarcinoma_cell_line
CNhs10732	FF:10414-106B9	maxillary_sinus_tumor_cell_line
CNhs11944	FF:10689-109F5	mixed_mullerian_tumor_cell_line
CNhs11752	FF:10648-109A9	mucinous_adenocarcinoma_cell_line
CNhs11873	FF:10784-110H1	mucinous_adenocarcinoma_cell_line
CNhs11866	FF:10774-110F9	neuroectodermal_tumor_cell_line
CNhs11744	FF:10637-108I7	neuroectodermal_tumor_cell_line
CNhs11753	FF:10663-109C6	neuroectodermal_tumor_cell_line
CNhs11853	FF:10728-110A8	neuroepithelioma_cell_line
CNhs11894	FF:10813-111B3	normal_embryonic_palatal_mesenchymal_cell_line
CNhs10752	FF:10434-106E2	oral_squamous_cell_carcinoma_cell_line
CNhs11287	FF:10550-107I1	oral_squamous_cell_carcinoma_cell_line
CNhs11717	FF:10545-107H5	oral_squamous_cell_carcinoma_cell_line
CNhs11810	FF:10544-107H4	oral_squamous_cell_carcinoma_cell_line
CNhs11856	FF:10732-110B3	pagetoid_sarcoma_cell_line
CNhs11832	FF:10698-109G5	pancreatic_carcinoma_cell_line
CNhs11716	FF:10437-106E5	papillary_adenocarcinoma_cell_line
CNhs10734	FF:10417-106C3	papillotubular_adenocarcinoma_cell_line
CNhs11830	FF:10697-109G4	peripheral_neuroectodermal_tumor_cell_line
CNhs11849	FF:10723-110A3	pharyngeal_carcinoma_cell_line
CNhs11260	FF:10490-107B4	prostate_cancer_cell_line
CNhs11243	FF:10439-106E7	prostate_cancer_cell_line
CNhs11255	FF:10469-106I1	rectal_cancer_cell_line
CNhs10729	FF:10411-106B6	renal_cell_carcinoma_cell_line
CNhs11257	FF:10471-106I3	renal_cell_carcinoma_cell_line
CNhs11267	FF:10475-106I7	retinoblastoma_cell_line
CNhs11877	FF:10787-110H4	rhabdomyosarcoma_cell_line
CNhs11829	FF:10695-109G2	sacrococcigeal_teratoma_cell_line
CNhs11746	FF:10639-108I9	serous_adenocarcinoma_cell_line
CNhs11827	FF:10693-109F9	serous_cystadenocarcinoma_cell_line
CNhs10753	FF:10436-106E4	signet_ring_carcinoma_cell_line
CNhs11270	FF:10483-107A6	signet_ring_carcinoma_cell_line
CNhs11885	FF:10800-110I8	small_cell_cervical_cancer_cell_line
CNhs11736	FF:10610-108F7	small_cell_gastrointestinal_carcinoma_cell_line
CNhs12808	FF:10841-111E4	small_cell_lung_carcinoma_cell_line
CNhs11285	FF:10541-107H1	small_cell_lung_carcinoma_cell_line
CNhs12809	FF:10842-111E5	small_cell_lung_carcinoma_cell_line
CNhs11812	FF:10562-108A4	small_cell_lung_carcinoma_cell_line
CNhs11734	FF:10609-108F6	small_cell_gastrointestinal_carcinoma_cell_line
CNhs11857	FF:10737-110B8	spindle_cell_sarcoma_cell_line
CNhs11252	FF:10463-106H4	squamous_cell_carcinoma_cell_line
CNhs11739	FF:10616-108G4	squamous_cell_carcinoma_cell_line
CNhs11273	FF:10486-107A9	squamous_cell_lung_carcinoma_cell_line
CNhs11244	FF:10441-106E9	synovial_sarcoma_cell_line
CNhs11890	FF:10807-111A6	teratocarcinoma_cell_line
CNhs11876	FF:10786-110H3	testicular_germ_cell_embryonal_carcinoma_cell_line
CNhs12351	FF:10591-108D6	testicular_germ_cell_embryonal_carcinoma_cell_line
CNhs12362	FF:10593-108D8	testicular_germ_cell_embryonal_carcinoma_cell_line
CNhs11726	FF:10590-108D5	testicular_germ_cell_embryonal_carcinoma_cell_line
CNhs11872	FF:10783-110G9	thyroid_carcinoma_cell_line
CNhs10735	FF:10418-106C4	transitional-cell_carcinoma_cell_line
CNhs11261	FF:10492-107B6	transitional-cell_carcinoma_cell_line
CNhs11828	FF:10694-109G1	tridermal_teratoma_cell_line
CNhs12502	FF:12235-129G3	amniotic_membrane_cells
CNhs12503	FF:12236-129G4	amniotic_membrane_cells
CNhs12379	FF:12237-129G5	amniotic_membrane_cells
CNhs12504	FF:12238-129G6	chorionic_membrane_cells
CNhs12506	FF:12239-129G7	chorionic_membrane_cells
CNhs12380	FF:12240-129G8	chorionic_membrane_cells
CNhs11334	FF:11520-119H8	Urothelial_Cells
CNhs12091	FF:11600-120H7	Urothelial_Cells
CNhs12122	FF:11681-122H7	Urothelial_Cells
CNhs10843	FF:11216-116B1	Urothelial_Cells
CNhs11054	FF:11473-119C6	Adipocyte-omental
CNhs12067	FF:11474-119C7	Adipocyte-omental
CNhs12068	FF:11475-119C8	Adipocyte-omental
CNhs12069	FF:11476-119C9	Adipocyte-perirenal
CNhs13080	FF:11783-124B1	Renal_Glomerular_Endothelial_Cells
CNhs13552	FF:11931-125I5	Reticulocytes
CNhs13553	FF:11932-125I6	Reticulocytes
